{
  "width": 641,
  "height": 598,
  "cx": [
    [ "EDITER", 67 ],
    [ "ECRIRE", 166 ],
    [ "AUTEUR", 278 ],
    [ "GERER", 420 ],
    [ "ADMINISTRATEUR", 565 ],
    [ "EDITEUR", 67 ],
    [ "LIVRE", 166 ],
    [ "POSSEDER", 278 ],
    [ "MAGASIN", 420 ],
    [ "AFFILIER", 565 ],
    [ "THEMES", 67 ],
    [ "DF0", 166 ],
    [ "DETAILCOMMANDE", 278 ],
    [ "CONCERNER", 420 ],
    [ "VENDEUR", 565 ],
    [ "CLASSIFICATION", 67 ],
    [ "DF1", 278 ],
    [ "COMMANDE", 420 ],
    [ "TRAVAILLER", 565 ],
    [ "CLIENT", 278 ],
    [ "EFFECTUER", 420 ]
  ],
  "cy": [
    [ "EDITER", 60 ],
    [ "ECRIRE", 60 ],
    [ "AUTEUR", 60 ],
    [ "GERER", 60 ],
    [ "ADMINISTRATEUR", 60 ],
    [ "EDITEUR", 169 ],
    [ "LIVRE", 169 ],
    [ "POSSEDER", 169 ],
    [ "MAGASIN", 169 ],
    [ "AFFILIER", 169 ],
    [ "THEMES", 295 ],
    [ "DF0", 295 ],
    [ "DETAILCOMMANDE", 295 ],
    [ "CONCERNER", 295 ],
    [ "VENDEUR", 295 ],
    [ "CLASSIFICATION", 396 ],
    [ "DF1", 396 ],
    [ "COMMANDE", 396 ],
    [ "TRAVAILLER", 396 ],
    [ "CLIENT", 513 ],
    [ "EFFECTUER", 513 ]
  ],
  "shift": [
    [ "EDITER,LIVRE,0", 0 ],
    [ "EDITER,EDITEUR,0", 0 ],
    [ "ECRIRE,AUTEUR,0", 0 ],
    [ "ECRIRE,LIVRE,0", 0 ],
    [ "GERER,ADMINISTRATEUR,0", 0 ],
    [ "GERER,MAGASIN,0", 0 ],
    [ "POSSEDER,MAGASIN,0", 0 ],
    [ "POSSEDER,LIVRE,0", 0 ],
    [ "AFFILIER,VENDEUR,0", 0 ],
    [ "AFFILIER,MAGASIN,0", 0 ],
    [ "THEMES,CLASSIFICATION,0", 0 ],
    [ "THEMES,LIVRE,0", 0 ],
    [ "DF0,LIVRE,0", 0 ],
    [ "DF0,DETAILCOMMANDE,0", 0 ],
    [ "CONCERNER,COMMANDE,0", 0 ],
    [ "CONCERNER,MAGASIN,0", 0 ],
    [ "DF1,DETAILCOMMANDE,0", 0 ],
    [ "DF1,COMMANDE,0", 0 ],
    [ "TRAVAILLER,VENDEUR,0", 0 ],
    [ "TRAVAILLER,COMMANDE,0", 0 ],
    [ "EFFECTUER,CLIENT,0", 0 ],
    [ "EFFECTUER,COMMANDE,0", 0 ]
  ],
  "ratio": []
}
