{
  "width": 590,
  "height": 491,
  "cx": [
    [ "EFFECTUER", 51 ],
    [ "CLIENT", 171 ],
    [ "COMMANDE", 51 ],
    [ "CONCERNER", 171 ],
    [ "MAGASIN", 284 ],
    [ "POSSEDER", 392 ],
    [ "CLASSIFICATION", 523 ],
    [ "DF0", 51 ],
    [ "DETAILCOMMANDE", 171 ],
    [ "DF1", 284 ],
    [ "LIVRE", 392 ],
    [ "THEMES", 523 ],
    [ "AUTEUR", 171 ],
    [ "ECRIRE", 284 ],
    [ "EDITER", 392 ],
    [ "EDITEUR", 523 ]
  ],
  "cy": [
    [ "EFFECTUER", 77 ],
    [ "CLIENT", 77 ],
    [ "COMMANDE", 195 ],
    [ "CONCERNER", 195 ],
    [ "MAGASIN", 195 ],
    [ "POSSEDER", 195 ],
    [ "CLASSIFICATION", 195 ],
    [ "DF0", 313 ],
    [ "DETAILCOMMANDE", 313 ],
    [ "DF1", 313 ],
    [ "LIVRE", 313 ],
    [ "THEMES", 313 ],
    [ "AUTEUR", 431 ],
    [ "ECRIRE", 431 ],
    [ "EDITER", 431 ],
    [ "EDITEUR", 431 ]
  ],
  "shift": [
    [ "EFFECTUER,CLIENT,0", 0 ],
    [ "EFFECTUER,COMMANDE,0", 0 ],
    [ "CONCERNER,COMMANDE,0", 0 ],
    [ "CONCERNER,MAGASIN,0", 0 ],
    [ "POSSEDER,MAGASIN,0", 0 ],
    [ "POSSEDER,LIVRE,0", 0 ],
    [ "DF0,DETAILCOMMANDE,0", 0 ],
    [ "DF0,COMMANDE,0", 0 ],
    [ "DF1,LIVRE,0", 0 ],
    [ "DF1,DETAILCOMMANDE,0", 0 ],
    [ "THEMES,CLASSIFICATION,0", 0 ],
    [ "THEMES,LIVRE,0", 0 ],
    [ "ECRIRE,AUTEUR,0", 0 ],
    [ "ECRIRE,LIVRE,0", 0 ],
    [ "EDITER,LIVRE,0", 0 ],
    [ "EDITER,EDITEUR,0", 0 ]
  ],
  "ratio": []
}
